"tiempos","censura","x"
6.73827483663986,1,0.347411649767309
6.40103172766747,1,0.762658069841564
0.123684816983543,1,0.900241614552215
1.30700633464427,1,0.668270767666399
8.65361819987386,1,0.120304662268609
1.5991877244336,1,0.111881076125428
4.27347392214225,1,0.134207150666043
0.176866274246727,1,0.921110549708828
2.21438962792576,1,0.797248236835003
0.739805842872361,1,0.450212214607745
9.19323059291699,1,0.419924052432179
0.300541626633501,1,0.798102500615641
4.42740200932096,1,0.716759498231113
2.40566670142797,1,0.297430610051379
2.73329812508881,1,0.948419094551355
2.5736247029241,1,0.194291504798457
1.38031753754982,1,0.795765561051667
5.71028246831746,1,0.771124817896634
0.73631144332709,1,0.497904214076698
0.376334076680984,1,0.659158075693995
1.6078088185601,1,0.988016854040325
1.59757093454598,1,0.330199793213978
1.27615991317181,1,0.425799086689949
0.694292614148994,1,0.818841660860926
0.465035646052687,1,0.708500221371651
1.1650022428441,1,0.517160635907203
3.25197541529731,1,0.51501172920689
3.97655970828602,1,0.134084907127544
7.3625555551018,1,0.1494332451839
3.71276931167558,1,0.640633208677173
3.51744181979029,1,0.448228736175224
1.30447801801048,1,0.656637634383515
0.399630227477427,1,0.347765654558316
3.74860856838448,1,0.558332978747785
3.80498143108713,1,0.00817791419103742
1.51319063622376,1,0.447104504099116
5.07639143980019,1,0.521244916599244
0.731618143559812,1,0.0518452026881278
2.02223325460015,1,0.0203140988014638
0.769429785586409,1,0.173902167240158
10,0,0.254386216169223
6.28468186859981,1,0.270964458817616
0.668200913694581,1,0.108107954729348
6.73390246523509,1,0.285121652530506
5.77951145414766,1,0.513521222863346
1.41676349480661,1,0.854707635939121
2.37588792825537,1,0.219099544687197
3.00734544323852,1,0.716192515334114
1.01270071585069,1,0.0509957885369658
1.68660619229009,1,0.401445662602782
2.27433381151606,1,0.678319557802752
2.57511256692293,1,0.125717193819582
10,0,0.121995902853087
8.92157370384372,1,0.718248949851841
2.27599157774454,1,0.248065255116671
3.26292610079108,1,0.184959431178868
1.99074145915184,1,0.797890007263049
7.11723641852826,1,0.592259242432192
0.0816820129890388,1,0.611042107688263
4.53397894875394,1,0.423099232139066
10,0,0.16359665687196
4.5304568432788,1,0.751200387720019
5.39858983536918,1,0.871438326546922
3.46089312325716,1,0.508785723941401
1.59570030043984,1,0.442132841330022
1.91450291378649,1,0.0346320513635874
1.81139863338804,1,0.195775023428723
2.686668425357,1,0.792557885171846
0.556748743501971,1,0.778410861734301
5.48310389746053,1,0.754606479778886
6.38362931573325,1,0.313013784587383
2.10203203474821,1,0.0469865226186812
1.71259942453878,1,0.717533009126782
0.823605622153442,1,0.121470713289455
5.37490409617653,1,0.263810390373692
5.81171301123909,1,0.385071016615257
10,0,0.0203811742831022
0.376134348023538,1,0.756534320302308
1.71592732364567,1,0.882889540633187
10,0,0.229603309649974
1.41929929119793,1,0.539014223497361
4.06045138641011,1,0.74527551070787
0.538915791277579,1,0.712603225139901
0.0670526387253077,1,0.785287076141685
1.09673782563982,1,0.535939716268331
3.2199958455397,1,0.912992710946128
6.56878445563697,1,0.336331685539335
2.00032567941222,1,0.409984935773537
4.0852261170334,1,0.398819760186598
2.6598110108079,1,0.935687151039019
0.516997571234785,1,0.389005964854732
10,0,0.289728094125167
4.65355314675965,1,0.301147358259186
3.45330644470627,1,0.424111120635644
5.66128233241362,1,0.219660026952624
7.98915949164461,1,0.54010847187601
10,0,0.0833995537832379
1.59871908418412,1,0.773646613815799
0.40334330099978,1,0.337052896851674
0.401215727845542,1,0.406233938876539
1.82148328129324,1,0.583531045122072
1.02313913526565,1,0.955838416470215
1.4552686162974,1,0.0385086489841342
5.46963396537968,1,0.19575602421537
4.20737479758348,1,0.681474844925106
5.17080656679434,1,0.426284910878167
3.53527683264443,1,0.678678096272051
0.117115015828111,1,0.294281131122261
10,0,0.163352666655555
10,0,0.0494786165654659
5.23775273368458,1,0.566628002794459
2.19037435852824,1,0.482121428474784
6.36458627009951,1,0.369166099932045
4.42509302114784,1,0.392163275973871
1.13521061614067,1,0.191028047120199
0.373379771373808,1,0.803325115935877
5.64572419152581,1,0.63202227698639
2.92691690921563,1,0.701727007282898
3.5251672262861,1,0.337979664793238
4.40826362359388,1,0.769300994696096
4.59513004118708,1,0.19189289258793
10,0,0.139685210073367
1.39081912544789,1,0.00115593848749995
5.78619795043372,1,0.266514295944944
2.97298297952109,1,0.651050139917061
10,0,0.174149579368532
2.19888734013881,1,0.27211187989451
5.17807207241014,1,0.0953351079951972
5.89912481479865,1,0.499086010502651
5.99167930628259,1,0.644014504970983
4.23314658419417,1,0.907315180869773
0.741311842517114,1,0.70038715028204
0.958542254705359,1,0.706387791084126
1.0160426456729,1,0.862650154391304
5.20184200426292,1,0.720278200460598
1.14532557457848,1,0.641940499190241
0.863727255122089,1,0.734240977326408
0.833381473650428,1,0.185064081568271
0.278156500811613,1,0.870653715915978
3.24765498794596,1,0.771017485298216
3.00685473455838,1,0.445054956711829
3.4884022604638,1,0.160443460335955
0.618104398173978,1,0.737340659368783
1.06589917068328,1,0.771024311659858
4.24973448000718,1,0.185346953803673
0.193230790950799,1,0.979216339532286
1.17774998899953,1,0.969412650913
1.05720612145952,1,0.733258766122162
0.25096806210197,1,0.961847464088351
0.541946568353305,1,0.779070222517475
1.23303154200354,1,0.681382528971881
0.72451352131416,1,0.23866062075831
7.40586040083573,1,0.329342456767336
1.37655031910298,1,0.323397210566327
4.91728985036911,1,0.188775688642636
1.49112768745154,1,0.792883752612397
0.588786109800516,1,0.755839208606631
6.57297102370103,1,0.49129272531718
1.02241001707498,1,0.522873658919707
5.0041519888635,1,0.512549621285871
1.72285247370295,1,0.78963557863608
10,0,0.499797343742102
3.38591823046337,1,0.733167819445953
2.77163773626538,1,0.765815739287063
10,0,0.499578265706077
1.86810890736243,1,0.17458724649623
7.92818806460617,1,0.0535050895996392
0.191869435728077,1,0.666089345701039
10,0,0.0480532723013312
0.143543417454238,1,0.65651410119608
2.19394440969618,1,0.059129236266017
0.0335667597636693,1,0.890727524645627
0.217624903421586,1,0.435299978824332
1.10122123846463,1,0.405652164015919
9.10145594755941,1,0.242920828517526
4.56666715817652,1,0.419357663020492
0.512742002013896,1,0.839209123514593
2.37396218266782,1,0.667603463167325
10,0,0.295939907664433
0.963586366217699,1,0.756862225942314
2.57724611254677,1,0.210181998088956
5.1179001500442,1,0.166566328378394
10,0,0.0858552346471697
1.69634742294567,1,0.851086721988395
0.221592628803574,1,0.804205065825954
10,0,0.331467057811096
6.41045635682292,1,0.273424471728504
10,0,0.0467460339423269
1.51824995326104,1,0.160292450105771
0.568521003274735,1,0.956509415758774
3.04386219764778,1,0.0908299398142844
0.220792311426969,1,0.124563950579613
9.20976522243613,1,0.165150697343051
1.58096699293982,1,0.958307702327147
5.26239105063386,1,0.415918310172856
2.70989862503466,1,0.893343589734286
10,0,0.393032592954114
2.58972597994781,1,0.175634609535336
1.15809044094065,1,0.591979054966941
9.5443091693481,1,0.774268279084936
9.62273661706059,1,0.22513289633207
0.570739445022213,1,0.514183671446517
10,0,0.175118576269597
2.0160181003316,1,0.74873587093316
1.77317686696241,1,0.676237220177427
2.49229745283528,1,0.434853052487597
3.31975168317938,1,0.756081635830924
9.49821773699414,1,0.0460476025473326
6.15990237947906,1,0.398354874690995
2.77130417334952,1,0.134407306089997
2.57208517120742,1,0.572782584931701
1.99142296242936,1,0.807260716101155
2.20232053134269,1,0.023990515852347
0.162456026236552,1,0.631029443815351
9.28884062219618,1,0.674240539548919
0.0127657966920909,1,0.616344683105126
8.46201322357965,1,0.0896265755873173
4.30050066690016,1,0.48662054608576
2.69787186671986,1,0.583429837133735
1.13302234544218,1,0.064018169650808
0.405102893693921,1,0.566709652077407
2.57693829249982,1,0.47226535459049
2.80996857013739,1,0.75841167056933
4.21917892772317,1,0.492704480187967
2.24504938060902,1,0.779675636207685
0.890267759522968,1,0.0616232599131763
4.45853145488346,1,0.0339977901894599
3.86320703194731,1,0.351375649217516
2.72379028481435,1,0.427171534625813
1.60729072311201,1,0.149597973562777
0.395506965601097,1,0.452250046422705
0.74104331510109,1,0.508104421198368
2.32224507553113,1,0.273028680356219
2.62539936116311,1,0.0900163897313178
1.85316201369291,1,0.340748623711988
1.27485938585288,1,0.0847323834896088
0.791693571864373,1,0.0503905341029167
1.41363381392706,1,0.622013774234802
0.507917779509127,1,0.938905751332641
2.36659902421977,1,0.351048799231648
0.901180217528124,1,0.864768451079726
0.188592543612619,1,0.509591210167855
7.75757121655124,1,0.288862877292559
4.78068680074626,1,0.689188736490905
3.54355994169262,1,0.296383887529373
1.98510290537555,1,0.575286259874701
1.71800627389629,1,0.709167857421562
2.06871424409627,1,0.251896304544061
10,0,0.0156610577832907
0.521622483349721,1,0.0463829468935728
6.43725961386869,1,0.0187534994911402
0.207098655088243,1,0.622259307652712
10,0,0.431314416462556
4.73495481646925,1,0.718663624487817
3.75779683229834,1,0.138031450100243
3.21886241717504,1,0.497523050522432
9.35925609030522,1,0.653273752424866
1.16728770246914,1,0.828851175960153
1.33166797504279,1,0.646325049223378
3.28725465384958,1,0.201920788036659
4.11128883589256,1,0.254225082695484
1.01398331798754,1,0.25255579338409
0.998282266431838,1,0.472369641531259
6.60988942239015,1,0.552292781881988
2.01613395037388,1,0.142717340728268
7.82037956596173,1,0.142129584215581
3.19183233880539,1,0.618984692031518
10,0,0.360248350771144
0.961584795359122,1,0.541714099003002
6.07056404017652,1,0.247238654876128
1.97583257267129,1,0.20027783093974
4.14274214685814,1,0.154672591015697
0.389458071943258,1,0.138401864329353
0.84345518608295,1,0.00927356327883899
0.626750584621314,1,0.182347425958142
1.44317091357184,1,0.420603912323713
1.35234113465294,1,0.0155183025635779
3.73028705572378,1,0.966986968647689
1.18791057486495,1,0.718896054197103
1.5123164972798,1,0.0412598724942654
2.76820856849555,1,0.604463330935687
4.60728253944392,1,0.0480937764514238
0.54305801660554,1,0.597149169305339
1.10447411882271,1,0.80985265225172
1.14785759764779,1,0.715109735261649
0.0248605683292874,1,0.68019515206106
0.945169141904807,1,0.856880244566128
3.31384552832423,1,0.410775893600658
1.55736237342275,1,0.758901003748178
6.22612340313043,1,0.378917166730389
2.01596561586917,1,0.386202982859686
2.21701883161032,1,0.621640992816538
2.02241771847564,1,0.457234971225262
2.164850371113,1,0.25970708951354
3.80856871373554,1,0.539350771578029
2.55467451772483,1,0.820799189154059
3.46651893329537,1,0.381959195714444
5.64121320042059,1,0.26667112018913
1.11704970700123,1,0.702997689833865
2.35019995698437,1,0.877376857679337
0.654450138564354,1,0.709527980769053
1.15350098825958,1,0.773276746505871
4.98239772885388,1,0.68472162168473
0.749769355689281,1,0.792843558127061
10,0,0.0553886014968157
4.91562517498714,1,0.660049440339208
10,0,0.477219718741253
1.74398923684436,1,0.930991734843701
0.432114185183348,1,0.979512365302071
1.98429475963315,1,0.661406252067536
2.355876714284,1,0.942665958311409
7.65593474862757,1,0.4130910995882
0.181597187360721,1,0.842970764730126
1.74904652332466,1,0.256534950342029
9.20439251141805,1,0.181995010003448
10,0,0.0707331246230751
4.24665897893781,1,0.557210347382352
8.96750470684792,1,0.116609338670969
0.523158506799318,1,0.209525110665709
10,0,0.223330765031278
0.515045393911131,1,0.40693044103682
1.81569075580924,1,0.73197005642578
1.71890780989447,1,0.508361967513338
2.28639988706478,1,0.987694185925648
1.03427634057603,1,0.271553165977821
0.60642505123203,1,0.986545630963519
1.44168002280981,1,0.0794290555641055
4.6593287368561,1,0.717240517958999
4.39884789349007,1,0.241011533187702
1.36147970152683,1,0.528922979952767
4.85184928669851,1,0.504310588119552
8.79376162070865,1,0.953778213821352
0.582072683653671,1,0.980478786164895
2.66471991323635,1,0.18880263203755
10,0,0.403739246306941
2.9824397544968,1,0.0635429718531668
2.81502934294833,1,0.469763059169054
5.47483565299863,1,0.0986525940243155
2.75483971704902,1,0.767900236416608
1.199659758319,1,0.97958817332983
0.0386356266752553,1,0.597587120253593
0.821043418614896,1,0.771216190885752
10,0,0.390109871514142
0.554109570672766,1,0.459460878046229
2.96831879652806,1,0.341316628735512
0.569151876261584,1,0.637792418012396
0.24392668860516,1,0.334064421942458
2.47078749947921,1,0.102281405590475
1.5270914513833,1,0.901546732755378
1.74201600344762,1,0.578350108349696
0.6655243811433,1,0.834373317891732
0.316077911011436,1,0.920010088011622
0.61117745275764,1,0.675564686534926
6.41993456118907,1,0.741753333713859
0.447500253030028,1,0.84298205608502
0.561523331090869,1,0.764079834334552
0.887735766821712,1,0.87943829735741
1.74988472210301,1,0.807892985641956
0.892401289261449,1,0.63037097454071
3.72714402412184,1,0.764657460618764
2.05371220528717,1,0.063788553699851
3.76298315013747,1,0.108747339341789
6.42360470679095,1,0.739220539107919
4.14258432388483,1,0.658357121050358
5.31106816338677,1,0.535928617697209
2.93586365778163,1,0.973665595520288
1.97100456763572,1,0.68380178231746
1.78907836662993,1,0.868458298034966
4.18371561734624,1,0.660841662669554
10,0,0.200165186543018
0.697739965874442,1,0.818227914860472
8.00377316734283,1,0.418578977230936
0.0243386747440621,1,0.866500966250896
0.838844914731527,1,0.975529353367165
1.78302291915995,1,0.742142428876832
5.09293610267252,1,0.103771750582382
0.486312136771864,1,0.844647965859622
0.868555364023477,1,0.702572638168931
10,0,0.157222989713773
0.423206022599746,1,0.636637231567875
4.67355619183673,1,0.198138480074704
2.11978446130732,1,0.636572455288842
0.864246129760811,1,0.905173627659678
1.06345188648069,1,0.307701113633811
3.33037002984426,1,0.681279775686562
8.41585288027716,1,0.389541821088642
6.38566840383706,1,0.438740582671016
3.09838191713775,1,0.974489923333749
1.60268638006592,1,0.545883323997259
0.292159638984513,1,0.897668941877782
0.740409334064382,1,0.527224871795624
1.25047625188346,1,0.0627938925754279
3.16098718794758,1,0.480115634622052
3.11346432435229,1,0.958274434087798
6.55132651275646,1,0.141614941647276
7.99216933034284,1,0.268559931311756
0.180009019979539,1,0.638006710447371
9.9367088500366,1,0.097705869236961
1.65550730821752,1,0.875141264637932
4.26019837862514,1,0.00743971113115549
1.96343675260951,1,0.0764070549048483
0.285969679932908,1,0.971733167301863
5.34117755109219,1,0.679199401987717
2.08960552217073,1,0.236631485866383
0.410758268952728,1,0.355754644144326
6.30230746910752,1,0.786569769028574
3.01872465325147,1,0.774670537794009
2.02783303756811,1,0.505702646449208
0.00948538365554987,1,0.623939097626135
9.7570641851639,1,0.031637697480619
0.165087441579946,1,0.0750591768883169
1.11473903327329,1,0.882713459664956
4.96172164314401,1,0.230539029231295
10,0,0.0377021401654929
0.362090307781591,1,0.294301118934527
0.72267305287055,1,0.620264686644077
5.67746947142493,1,0.969199860468507
2.07528282285355,1,0.103427211986855
0.594179225999033,1,0.821017652750015
9.59831586107663,1,0.235387552296743
0.346317061906249,1,0.297539916820824
0.538031012911075,1,0.662635367130861
1.05020805579402,1,0.574606929672882
0.527169576133002,1,0.625271882629022
3.47719368127599,1,0.416189837502316
1.92460338621606,1,0.883384408429265
0.675635807178296,1,0.260995470453054
2.51387713429802,1,0.27093273610808
1.95088329761821,1,0.214936221484095
3.96668964905216,1,0.310806468129158
2.74370292585397,1,0.795620763674378
0.806591938423653,1,0.696528454544023
10,0,0.0168707449920475
7.70454415196047,1,0.248134412337095
6.34929881838868,1,0.232959643937647
1.0753630993848,1,0.367273962590843
7.06048626010947,1,0.369488916359842
1.48586158712945,1,0.512455410324037
2.6398435483401,1,0.902390677016228
0.96043361195385,1,0.870399922598153
0.380387280969008,1,0.120674806414172
1.70017764290049,1,0.191533884033561
1.22330493346412,1,0.566828642040491
0.108247368181127,1,0.980593378655612
0.559844919061773,1,0.172827961156145
0.376280842131272,1,0.82484668889083
3.41454617429993,1,0.345396232558414
1.75535976686468,1,0.611649361904711
2.62863628950065,1,0.194657079409808
1.50362412003191,1,0.277268709614873
1.53393125737311,1,0.74484187643975
1.17003600498011,1,0.500801496906206
5.93561886980749,1,0.910900398856029
2.64585027303673,1,0.0936874793842435
10,0,0.117603593040258
10,0,0.00653391797095537
0.335064997134962,1,0.715903734555468
7.12327731387982,1,0.852526793954894
4.31636456957171,1,0.44501775642857
5.99564662485221,1,0.0744619998149574
3.40381331166845,1,0.0108380897436291
7.23747869694199,1,0.0412994825746864
0.223041438408811,1,0.444217223441228
1.22281947580144,1,0.192584753036499
0.486254909662296,1,0.721434332896024
9.50964538194304,1,0.207694150041789
5.13715447604211,1,0.0974385233130306
0.503893705559073,1,0.751164629589766
0.676448126948196,1,0.846340318676084
2.37648742723728,1,0.996221292065457
3.25953670297553,1,0.878284171456471
3.16722461743573,1,0.997781812446192
3.62507083303125,1,0.412207184359431
0.242669635645723,1,0.829576367279515
2.06404261997079,1,0.625874965218827
4.27914837363173,1,0.50355888530612
0.856552060424162,1,0.737897517392412
10,0,0.309839639812708
3.09552188968947,1,0.863789332099259
10,0,0.201399151002988
0.0231083427237682,1,0.803760839393362
7.69421534519627,1,0.0792834206949919
0.882103430510286,1,0.642719708848745
0.509897276673244,1,0.986276251263916
0.968518730446734,1,0.315377831924707
4.75003711847558,1,0.437729125842452
10,0,0.153829592978582
6.2079391800859,1,0.201833410654217
1.65639868851205,1,0.558616850059479
0.372749056454867,1,0.827545054256916
1.67975287364413,1,0.814060056582093
0.756953367390614,1,0.881982062244788
1.57604713671503,1,0.761098778806627
1.02949019409029,1,0.410686256131157
0.148282911887466,1,0.386206757510081
2.53419285542837,1,0.962707401020452
7.17942633342013,1,0.224025529576465
0.688593200884506,1,0.974344324553385
0.326430111662887,1,0.261101556243375
0.0347299844818161,1,0.158330759266391
10,0,0.231348583474755
8.41648311339865,1,0.366967149777338
7.6379647866455,1,0.0811398988589644
0.344679302616857,1,0.409662993391976
10,0,0.752714195521548
1.3089165574892,1,0.418598645366728
0.382065039611586,1,0.617767474148422
1.90062459229423,1,0.234342909650877
4.05915346444309,1,0.000843768706545234
1.00585526128386,1,0.0526717002503574
10,0,0.254606299800798
2.77687651463855,1,0.369914706563577
0.0835406894685885,1,0.165058659622446
3.11533016822133,1,0.159416195936501
0.958416891933438,1,0.987720637582242
2.94047560678924,1,0.718198772752658
10,0,0.14237030944787
2.79250039945885,1,0.400470326188952
0.728524635211783,1,0.561670836759731
0.33106191298884,1,0.741940618259832
0.626009091745978,1,0.927295491565019
2.8947415372997,1,0.882958180969581
1.49468261241367,1,0.50277552078478
0.68386814652694,1,0.330803387798369
2.12125644544214,1,0.818384703015909
2.36686297792118,1,0.61020254669711
1.05741659365213,1,0.631403867388144
7.53385495720482,1,0.772064429940656
3.85796589437079,1,0.495433413656428
2.1013753041043,1,0.717597615905106
4.71614500434396,1,0.364547967910767
0.786180701832549,1,0.159385891864076
3.63705123193885,1,0.372955081053078
1.94873187753783,1,0.351367166731507
1.13365462402292,1,0.94883674941957
1.10977972608066,1,0.188914316473529
2.84167245968532,1,0.819311786442995
1.05489062637519,1,0.980380472494289
2.53805281687932,1,0.743209244683385
1.94595836894064,1,0.015044342726469
5.01230840244937,1,0.759940918302163
0.240831859528302,1,0.49213192705065
10,0,0.0126003904733807
10,0,0.166610227432102
2.09982578365293,1,0.565022478112951
0.162392688630947,1,0.961485824547708
1.17267498815906,1,0.662851698929444
0.611206970939166,1,0.653650057502091
1.14320725029271,1,0.744418828515336
0.883445327535664,1,0.544725617161021
0.728804700888642,1,0.878971707541496
3.15746674711655,1,0.231186762219295
0.981812847036466,1,0.813421626808122
0.985163372694238,1,0.537660646252334
1.53967800184642,1,0.595176968723536
3.48969068392222,1,0.607719381805509
0.915737867113667,1,0.541435908991843
0.729640443011667,1,0.750270411837846
3.05210241655074,1,0.114919552346691
4.05678067971907,1,0.601611166028306
1.15601549805853,1,0.306517690885812
0.378874184295278,1,0.81000440986827
3.68054600801294,1,0.301936389878392
0.848496149085673,1,0.924269427545369
4.29987211955555,1,0.519105256302282
0.0528226876998132,1,0.298278965754434
9.94097038078899,1,0.677396062063053
2.90791038191501,1,0.377782470779493
0.392913075660758,1,0.336243163794279
7.058595999845,1,0.0303455165121704
7.23944275489893,1,0.0684093935415149
4.02739164415329,1,0.639326599193737
2.27818234390936,1,0.787214263342321
3.00074704169013,1,0.865823695901781
2.52744074484313,1,0.698182048043236
7.19194862809678,1,0.423736729426309
2.12877465092562,1,0.875754978740588
0.254630290736532,1,0.814491586759686
3.6300695778102,1,0.0366965422872454
3.16511568328566,1,0.01902972208336
2.39819012984091,1,0.545153520535678
1.20438801162682,1,0.823368147714064
2.06465167731714,1,0.320699922740459
3.36736064967149,1,0.512171897804365
0.164590457883989,1,0.713294956367463
4.01778834019088,1,0.0480281512718648
2.19077680937822,1,0.79087448050268
0.640399272388486,1,0.936902076471597
7.2477819986687,1,0.241401199717075
1.06662792832613,1,0.676638150820509
2.04852812979438,1,0.666820441605523
10,0,0.118073859484866
7.22554602969011,1,0.153979155002162
1.57447424798538,1,0.503285634331405
0.9037710372458,1,0.187565081520006
8.97846481012817,1,0.194278996670619
1.08073052607892,1,0.150356153724715
5.53065166385547,1,0.0989020199049264
7.21790448323642,1,0.522276559146121
2.08486898761491,1,0.868484346196055
0.467683048293645,1,0.347001495538279
0.944337022127054,1,0.969090626807883
2.85412617427193,1,0.976812206674367
7.48908100954047,1,0.12145139160566
3.1018963196256,1,0.713171031093225
1.26916803862363,1,0.892746736062691
10,0,0.0203317990526557
0.798070006509027,1,0.968626252608374
1.71384055593515,1,0.09289959538728
5.10625292420846,1,0.710628093453124
3.90098648531232,1,0.275702292565256
7.66334338495721,1,0.356395363574848
1.66643109821579,1,0.750577532453462
1.17420703310597,1,0.124630630016327
5.5398672107341,1,0.104991495376453
2.12913721404493,1,0.203769020503387
0.198928561754796,1,0.800714088836685
0.484641777065464,1,0.446003907592967
1.20948119542625,1,0.902322973823175
0.481465767461442,1,0.159193089464679
4.78812428262702,1,0.894651826005429
8.03560847309175,1,0.212031185626984
1.44206879475574,1,0.260234842542559
1.04527602383013,1,0.46524448832497
0.83876485342791,1,0.954226095927879
0.00893136971665091,1,0.443450966849923
10,0,0.54080050624907
0.836496101634137,1,0.515113323926926
0.221195504896205,1,0.761351041030139
4.52488289068242,1,0.665994931478053
0.296659770875986,1,0.762728054774925
4.53151223345535,1,0.546390951611102
0.102377039171574,1,0.211602888768539
1.05508537766636,1,0.300861260155216
10,0,0.0160044794902205
10,0,0.497817838564515
5.37370543819706,1,0.888371135573834
2.96175661431463,1,0.878034033346921
4.96935512885008,1,0.387147346977144
1.86587089939484,1,0.30983057199046
8.31410456758845,1,0.303391442866996
3.26119843148764,1,0.995323283132166
4.01078873386806,1,0.164759247330949
1.18000959109722,1,0.959462419850752
2.48425317860635,1,0.594057995593175
3.79294786010666,1,0.682231046725065
1.46349840551785,1,0.996930946595967
4.1416518809185,1,0.361414392245933
7.87920822137931,1,0.325315164867789
2.31132633827555,1,0.383375638397411
1.55161246149788,1,0.0109113403595984
0.90338221562026,1,0.805649029789492
1.09995279527494,1,0.0923909835983068
10,0,0.123625220730901
0.0714473622958544,1,0.676105346297845
1.9798554632962,1,0.426635207142681
1.88443741108578,1,0.346111753955483
1.92908762309083,1,0.913463618373498
0.451920879128158,1,0.805283183697611
10,0,0.0432158601470292
0.431827369339392,1,0.956161217298359
0.866466701285241,1,0.748035259312019
5.25989112053981,1,0.47051331656985
1.81709488473694,1,0.142783389892429
2.63515825426989,1,0.671412863535807
1.23444365649562,1,0.759438464650884
1.46869826817515,1,0.165616497164592
9.33244009918783,1,0.133321322500706
0.343606267268414,1,0.977150563849136
8.42906044058222,1,0.120634547667578
1.08215963998209,1,0.95015986263752
1.09735829683453,1,0.685157243162394
1.72275335222021,1,0.13974337070249
0.504770902213941,1,0.94339087093249
7.36712860935183,1,0.382665805518627
0.0364479391439479,1,0.209452756913379
0.729010558846584,1,0.80677183251828
1.61279577062336,1,0.871370150707662
2.30114315557977,1,0.555999126983806
0.139134667997962,1,0.813585138879716
1.75078959827291,1,0.100874212337658
0.457478702752934,1,0.929428334580734
6.30501056302156,1,0.162537017837167
2.03479042484007,1,0.925628229510039
0.721267373697482,1,0.942288189893588
3.73221126043525,1,0.439103739336133
10,0,0.632392081664875
10,0,0.55272329878062
6.12470512635133,1,0.244158818386495
1.75037491167458,1,0.563025744399056
0.660826626717396,1,0.986836613155901
9.22990481212795,1,0.501267798244953
3.17174881305452,1,0.448940366040915
4.74809557696253,1,0.769457567716017
1.88574741526613,1,0.592006685910746
10,0,0.0384409171529114
10,0,0.307806412922218
0.934442233136698,1,0.365556812379509
1.88829831049363,1,0.578082057880238
0.106690784648803,1,0.901269331341609
1.74331257860205,1,0.701072769239545
10,0,0.369063580408692
0.332589472587594,1,0.98799596936442
0.759009457031647,1,0.473582090577111
10,0,0.901594873983413
8.29635355091856,1,0.887323879869655
10,0,0.20904973661527
3.80423571913968,1,0.184053204488009
4.15710739975098,1,0.246392789762467
1.97763506735983,1,0.738742837216705
1.52123381294146,1,0.311927222413942
1.35136411302839,1,0.732684845803306
4.4527279275391,1,0.407140185358003
2.23049051807157,1,0.959668577183038
4.90665769209651,1,0.6025468215812
7.61629372725683,1,0.17162764002569
3.93793036881288,1,0.730861496645957
3.85434541106197,1,0.217479691142216
1.07464105902289,1,0.863878672011197
0.541259405620408,1,0.965237136464566
0.447574125515289,1,0.800414462108165
1.61451910938275,1,0.0178981446661055
0.732022327555933,1,0.850527302129194
1.03077835841892,1,0.881607330637053
1.16449025507814,1,0.445292279822752
0.238321186261992,1,0.663788539823145
0.0845982897927944,1,0.469701272202656
5.32570624707559,1,0.150429954519495
0.664735022985086,1,0.520420340355486
0.124904382984402,1,0.933299998287112
1.83023452516103,1,0.238440818153322
0.0105224068634197,1,0.695183797506616
2.74642028203775,1,0.658572354586795
1.41741848065885,1,0.894006147515029
3.27340052207878,1,0.303287819726393
0.410083309998983,1,0.719307776540518
4.16418144677967,1,0.133922442793846
0.12306097423114,1,0.879741510143504
2.21602458966819,1,0.208546793088317
5.50926375180322,1,0.328836516244337
0.87539336799203,1,0.714187087025493
0.299793542483487,1,0.542673247400671
6.31454754061248,1,0.670805233763531
0.177833752032512,1,0.769430705811828
6.89893491197722,1,0.499697636812925
9.52834658951696,1,0.104597406229004
0.649877782775423,1,0.316465112147853
3.68667466604562,1,0.17659267084673
0.0436041042173752,1,0.966265206690878
0.332640541273114,1,0.553172830725089
0.536474250881503,1,0.399720195448026
2.4822068110114,1,0.769309454597533
4.33693470228182,1,0.455495172180235
9.80336129109616,1,0.517767500132322
4.35047009337292,1,0.556371386628598
1.47354594314992,1,0.629635516088456
10,0,0.0909143346361816
0.0160245454014799,1,0.939526008674875
7.12420481012747,1,0.248750770231709
7.79433380539304,1,0.354229094926268
2.05081943718144,1,0.192069264361635
1.35339083244319,1,0.428645841777325
10,0,0.147605177015066
0.617506378963909,1,0.818796081235632
0.529746301552981,1,0.864175014896318
0.317616843809265,1,0.745359477121383
1.97302725261987,1,0.588269885629416
5.84794380904258,1,0.38676235685125
3.42360209464811,1,0.514442750951275
0.478319602002075,1,0.527100754436105
1.70232624910741,1,0.348731106845662
0.261339294506237,1,0.212954191956669
4.31491931456615,1,0.173470145557076
5.05643294587317,1,0.314634517766535
1.8646822932392,1,0.34583352599293
4.27349124399114,1,0.491883523762226
1.0527302086387,1,0.804988932330161
0.0724605917334429,1,0.512562393443659
1.3337013220819,1,0.786235395353287
2.2797022678522,1,0.359441213542596
10,0,0.364315098850057
1.86161676493095,1,0.61701487749815
0.759774226408826,1,0.877259502885863
0.422028893091485,1,0.890432818094268
3.49476278461702,1,0.898481713375077
9.17179353464822,1,0.0852827320341021
1.68247472728122,1,0.590350134996697
1.67371797420846,1,0.51827257592231
0.548385479948105,1,0.464086901396513
0.256880460602813,1,0.423823910299689
10,0,0.187280264915898
2.66413355350623,1,0.728588790167123
4.37746677347647,1,0.893103966023773
2.9377856421828,1,0.173773903399706
1.17641668984141,1,0.810905536171049
0.737877130288359,1,0.876293491339311
0.713753537910912,1,0.445613934192806
7.53318433343264,1,0.396372051443905
7.33872233020448,1,0.126520287012681
0.427069608818232,1,0.749883275013417
0.836811586987663,1,0.951277434593067
1.59611033829882,1,0.43714943761006
3.78437384613159,1,0.690394173376262
10,0,0.721646131481975
7.22214743418734,1,0.487973787821829
1.18491458251941,1,0.755165415583178
5.382849166799,1,0.920500862179324
4.98304634421715,1,0.505851511377841
0.759406552377546,1,0.0291982446797192
6.9768600688663,1,0.418866358930245
1.05514886982062,1,0.971429046941921
3.15549653496371,1,0.420541729079559
2.70837942273827,1,0.279474496841431
1.10464644076471,1,0.0933217969723046
2.11009295221037,1,0.903715115040541
10,0,0.367052386282012
10,0,0.229327470296994
1.0076895525137,1,0.940675402292982
0.562076794702608,1,0.760367675451562
3.00786199674466,1,0.785008396022022
6.78545993755677,1,0.773855881066993
1.08809508193248,1,0.84408330405131
2.15860657696626,1,0.295193173224106
3.42818803524651,1,0.496081034420058
3.52478616690422,1,0.354283810360357
8.53344061731421,1,0.0944853278342634
6.60136619347734,1,0.576924041612074
3.53655983379328,1,0.558852087007836
2.41937022871223,1,0.93290691729635
1.16119489628841,1,0.729750178521499
8.11490754402462,1,0.0736642610281706
2.70461799181014,1,0.511370147811249
1.30476457003829,1,0.0175568680278957
2.10203521702833,1,0.0926840493921191
0.0702970657526355,1,0.553385044448078
10,0,0.163760233903304
0.348839798570182,1,0.482232212787494
6.94803700413422,1,0.60258368239738
7.39627722601611,1,0.199508679099381
3.01098550146703,1,0.311029132222757
10,0,0.218397563556209
0.475152955135929,1,0.140186080476269
0.103272536501624,1,0.904994079377502
0.781903297432775,1,0.849706879584119
0.5709219508173,1,0.267132866429165
6.68434996964138,1,0.25813537184149
7.28205046570466,1,0.431042077951133
0.287835342422789,1,0.80255414894782
10,0,0.213871780550107
1.07280585645907,1,0.54206663556397
7.71611081134803,1,0.052752882707864
0.180630693067962,1,0.349436788354069
5.7693493499662,1,0.702958583598956
6.37509123024785,1,0.120794126065448
10,0,0.126443323213607
0.555156916017961,1,0.283318884903565
0.494012715117216,1,0.971872799796984
0.0589416666916045,1,0.574024762958288
1.19319766237381,1,0.642915779259056
3.11620848588,1,0.720627437811345
0.632407693964204,1,0.215756327146664
1.74560498760918,1,0.474087613169104
0.453769241235506,1,0.578085853951052
4.10199194010696,1,0.497360708191991
3.78164389877612,1,0.0644649774767458
5.53935520288805,1,0.121985445730388
0.904052342185044,1,0.0569369767326862
0.0785075286995358,1,0.904815300367773
10,0,0.333238814491779
0.678112775641495,1,0.626739933388308
1.99107412588241,1,0.988382352516055
10,0,0.0447490753140301
4.8583002720402,1,0.131473691668361
10,0,0.493840387556702
1.73023989361625,1,0.439024816034362
0.436437154716489,1,0.0982868385035545
5.27706171734434,1,0.0704888699110597
2.26081980627955,1,0.694495602045208
2.20586588338147,1,0.121614752570167
2.71014618957806,1,0.211424818495288
1.29352916816125,1,0.506117437500507
7.9543679706844,1,0.0849557260517031
2.33745324737059,1,0.749961842782795
2.20867444313476,1,0.701876393985003
3.99222431862084,1,0.310711333993822
3.85828256832249,1,0.865231849253178
2.58682615554426,1,0.586647366872057
2.5723992408281,1,0.963431469397619
1.45674973200987,1,0.788558983476833
3.7784335417484,1,0.554253255948424
0.688192070207602,1,0.167047329246998
3.39206048479261,1,0.0631796990055591
0.762709212096587,1,0.756723021389917
10,0,0.0826064778957516
1.0355136676378,1,0.110106268199161
0.451794457191614,1,0.956515726866201
6.70595598551172,1,0.151868676301092
10,0,0.00686432258225977
8.50681446572967,1,0.124118556501344
1.10678039316988,1,0.924440126633272
2.27723717754688,1,0.49177307356149
10,0,0.00108968955464661
1.70175420301379,1,0.879152907058597
1.82775457023964,1,0.403470144607127
0.986842050235905,1,0.962600824655965
3.83972907391957,1,0.855403456604108
6.28831464468562,1,0.702587405452505
4.12337149732665,1,0.365752069978043
2.51919817890925,1,0.0622702576220036
0.488130568944418,1,0.396676240256056
3.92867002727813,1,0.4262820398435
3.6219453285581,1,0.965662700356916
0.533919255660202,1,0.389071510871872
3.43815797163334,1,0.755026285303757
5.42452302861697,1,0.266139299608767
0.369500310056631,1,0.755731839686632
0.498168722554407,1,0.487686129054055
0.87682850372971,1,0.215699840802699
6.48793821690138,1,0.0225457481574267
1.66009345063625,1,0.096213246230036
5.51101898795311,1,0.561800937401131
0.421705026166665,1,0.25253386516124
0.173989876174732,1,0.741196473361924
3.17495630402622,1,0.479062637779862
0.101240408579741,1,0.788657184923068
4.13584033167562,1,0.342582641169429
5.94094488880936,1,0.165971547365189
10,0,0.717175332829356
1.33850402334814,1,0.817402377026156
3.46691354871843,1,0.377016557613388
7.56490659904312,1,0.175625831121579
2.21118675072772,1,0.658061433117837
0.00436053155967577,1,0.799975869012997
0.654775354457706,1,0.161602940410376
10,0,0.505920964526013
6.80793935654648,1,0.0205130071844906
2.76067602421144,1,0.208476374158636
1.41498217835643,1,0.174118974711746
4.56381007226661,1,0.0310393751133233
2.11170026524397,1,0.697684484766796
0.100473098955693,1,0.767617194447666
1.4570643920233,1,0.0618374459445477
2.69641536612342,1,0.981060807593167
10,0,0.538367925211787
10,0,0.0226867445744574
2.80907058656807,1,0.33296323241666
9.4479762271259,1,0.142432136228308
0.771632151480622,1,0.000989035703241825
0.36333001673971,1,0.0960553735494614
7.98936633433811,1,0.709395808633417
4.80036351270815,1,0.834218882955611
1.97577018380631,1,0.553584777051583
8.11527448080012,1,0.06020219437778
2.60379780914962,1,0.174314581789076
6.70927118012921,1,0.259322547353804
0.47739859002226,1,0.658966780640185
1.60816618515824,1,0.594312421511859
2.55379479880385,1,0.830922712571919
1.05043357418159,1,0.765813548350707
2.38857188514991,1,0.324876869330183
0.196879805682365,1,0.114429638488218
10,0,0.0146122886799276
2.0489564993652,1,0.68122023367323
9.23017383535765,1,0.916719555621967
2.34180773444156,1,0.246993390377611
2.16015664235704,1,0.692689531482756
4.07843907636701,1,0.0201629407238215
2.85398520054426,1,0.342255955096334
10,0,0.429258194984868
1.13931010843895,1,0.246279786108062
7.26643199445865,1,0.764137129532173
7.16904294738786,1,0.223977902205661
2.65472844382288,1,0.756257563829422
1.12722424060272,1,0.658391962526366
0.596232897039855,1,0.397730206837878
1.23875859846332,1,0.148185668513179
10,0,0.0964421380776912
0.0331343709435226,1,0.877756180940196
7.64961391883223,1,0.218478017952293
1.38089080286216,1,0.616990817943588
10,0,0.411505166208372
7.06041015801331,1,0.0670874018687755
3.84910826135232,1,0.682067851070315
1.48514001363958,1,0.349322349298745
3.49034617596833,1,0.680100459605455
0.462566306281859,1,0.829980053240433
0.27575403200202,1,0.46511406544596
0.148034355468621,1,0.792112263385206
4.61027533631113,1,0.534616116434336
1.08947739320837,1,0.963242252590135
0.524595932126795,1,0.959114375291392
2.98242271696258,1,0.97596358275041
3.47729796157952,1,0.182738579344004
0.051907373427414,1,0.00165614881552756
1.90311001537104,1,0.0777364808600396
4.13196712163303,1,0.398040948435664
3.44115053686803,1,0.772733469959348
1.40869568506949,1,0.561660672770813
10,0,0.140698524191976
3.53373275220577,1,0.794254613108933
